Resume,Improvement Suggestions
vktfinal33.pdf,"Based on the analysis of ""vktfinal33.pdf,"" the resume needs significant improvement to effectively showcase the candidate's technical skills and experience for a competitive job market.  The negative keywords (""jishu,"" ""highly,"" ""administrative,"" etc.) suggest a need for a more concise, results-oriented, and technically focused approach.

Here's a structured list of actionable suggestions:

**1.  Quantify Achievements and Showcase Impact:**

* **Action:**  Instead of simply listing responsibilities, quantify your accomplishments using metrics whenever possible.  For example, instead of ""Developed machine learning models,"" write ""Developed three machine learning models using Python and scikit-learn, resulting in a 15% improvement in prediction accuracy and a 10% reduction in processing time.""  This demonstrates tangible results and showcases your impact.
* **Focus:**  Apply this to all sections, emphasizing projects and work experience.  Highlight the business value you delivered.

**2.  Refine Skill Descriptions and Prioritize Technical Skills:**

* **Action:**  Create a dedicated ""Technical Skills"" section listing your proficiencies in Python, machine learning libraries (e.g., scikit-learn, TensorFlow, PyTorch), data analysis tools (e.g., Pandas, NumPy), and databases.  Use a consistent format (e.g., bullet points) for easy readability.
* **Action:**  Within your experience descriptions, weave in specific examples of how you utilized these skills.  For instance, instead of ""Used Python for data analysis,"" write ""Utilized Python (Pandas, NumPy) to perform exploratory data analysis on a dataset of [size] records, identifying key trends and insights that informed [business decision].""
* **Focus:**  Prioritize the most relevant skills for the target roles.  Research job descriptions to understand the most sought-after skills and tailor your resume accordingly.

**3.  Address Gaps"
Vskt cv.pdf,"Based on the analysis of ""Vskt cv.pdf,"" the resume suffers from overused and generic keywords like ""analysis,"" ""engineer,"" ""developing,"" ""understanding,"" and ""proficient.""  These terms lack impact and don't showcase specific accomplishments.  The underrepresentation of AWS and a lack of emphasis on scalable application development are also significant weaknesses.  Here's a structured plan to improve the resume:

**1.  Quantify Achievements and Showcase Impact:**

* **Instead of:** ""Proficient in Python.""
* **Try:** ""Developed a Python-based machine learning model that improved prediction accuracy by 15%, resulting in a 10% reduction in operational costs.""  This demonstrates proficiency *and* quantifies the impact.  Apply this approach to all skills, focusing on measurable results.  For example, instead of ""Understanding of AWS,"" describe a specific AWS service used and the outcome.

* **Instead of:** ""Developing applications.""
* **Try:** ""Developed and deployed a scalable microservice architecture using [Specific Technology] on AWS, resulting in a 20% increase in system throughput.""  This highlights scalability and uses specific technologies.

* **Instead of:** ""Data analysis.""
* **Try:** ""Performed data analysis using SQL and Pandas, identifying key trends that informed strategic business decisions leading to a 5% increase in sales.""  Again, quantify the impact.

**2.  Address Keyword Overuse and Weakened Terms:**

* **Replace generic terms:**  Actively replace words like ""analysis,"" ""engineer,"" ""developing,"" ""understanding,"" and ""proficient"" with more specific and impactful verbs and nouns.  Instead of ""proficient in machine learning,"" describe specific algorithms used (e.g., ""Implemented and optimized XGBoost and Random Forest algorithms"").  Instead of ""understanding of sensor data,"" describe the type of sensor data processed and the techniques used for analysis."
Yashu_resume.pdf,"Based on the analysis of Yashu_resume.pdf, here's a structured list of actionable suggestions to enhance the resume for technical roles:

**I. Showcasing Relevant Skills (Python, Machine Learning, Data Analysis):**

1. **Quantify Achievements:** Instead of simply listing skills like ""Proficient in Python,"" quantify accomplishments.  For example,  ""Developed a Python-based machine learning model that improved prediction accuracy by 15%, resulting in a 10% reduction in operational costs.""  Use metrics wherever possible to demonstrate impact.  This addresses the negative keywords ""proficient"" and ""developing"" by showing *how* proficient Yashu is.

2. **Project-Based Skill Demonstration:**  Dedicate a section specifically to projects.  For each project, clearly state the technologies used (Python, specific libraries like scikit-learn, pandas, NumPy), the problem solved, your role, and the quantifiable results. This directly addresses the negative keywords ""problem"" and ""understanding"" by showcasing problem-solving abilities and demonstrating a deep understanding of the projects.

3. **Skill-Based Keywords:**  Integrate relevant keywords throughout the resume, not just in a skills section.  Weave terms like ""machine learning,"" ""data analysis,"" ""regression,"" ""classification,"" ""deep learning"" (if applicable) naturally into project descriptions and work experience summaries.  This will improve search engine optimization (SEO) for Applicant Tracking Systems (ATS).

4. **Data Analysis Focus:** If data analysis is a key skill, highlight specific techniques used, such as data cleaning, feature engineering, exploratory data analysis (EDA), statistical modeling, and data visualization. Mention specific tools used (e.g., SQL, Tableau, Power BI).

**II. Addressing Gaps (AWS/Azure, Scalable Applications):**

5. **Highlight Transferable Skills:** Even if Yashu lacks direct experience with AWS or Azure, highlight skills transferable"
demo_resume.pdf,"Resume Optimization Suggestions for `demo_resume.pdf`

Based on the provided analysis, your resume shows promise but needs refinement to better highlight your technical skills and experience for targeted roles.  The negative scores for terms like ""science,"" ""python,"" ""developing,"" and ""engineer"" suggest these keywords are either overused, used inappropriately, or not effectively integrated into quantifiable achievements.  Let's address this:

**1. Showcasing Relevant Skills (Python, Machine Learning, Data Analysis):**

1.1 **Quantify Achievements:** Instead of simply listing ""Python,"" describe specific projects where you used it.  For example, instead of ""Proficient in Python,"" write:  ""Developed a Python-based machine learning model for [specific task] resulting in a [quantifiable result, e.g., 15% increase in accuracy, 10% reduction in processing time].""  Use similar quantifiable results for data analysis projects.  Numbers are crucial for demonstrating impact.

1.2 **Showcase Specific Libraries & Frameworks:**  Mention specific Python libraries used (e.g., Pandas, NumPy, Scikit-learn, TensorFlow, PyTorch) within your project descriptions.  This demonstrates depth of knowledge.

1.3 **Project-Based Approach:** Organize your experience section around projects, highlighting your contributions and the technologies used.  This allows you to naturally integrate keywords like ""machine learning"" and ""data analysis"" within the context of your accomplishments.

1.4 **Skills Section Refinement:**  Instead of a generic ""Skills"" section, consider a more targeted approach.  Create sections like ""Programming Languages,"" ""Machine Learning Expertise,"" ""Data Analysis Tools,"" and ""Cloud Platforms.""  This allows for more structured and impactful presentation.

**2. Addressing Gaps (AWS/Azure, Scalable Applications):**

2.1 **Identify Transferable Skills:** Even if you haven't directly worked with AWS or Azure"
vresume.pdf,"The resume analysis reveals a strong foundation in content creation (a surprisingly high score!), and some experience with AWS. However, the negative scores highlight several areas needing immediate attention.  The resume is likely using weak wording and potentially focusing on irrelevant or less impactful experiences.  Let's address this systematically:

**1.  Quantify Achievements and Showcase Impact (Addressing ""challenging,"" ""developing,"" ""offers""):**

* **Instead of:**  ""Developed a challenging project...""
* **Try:** ""Developed a high-impact project that reduced customer support tickets by 25% by implementing [specific solution] resulting in a cost savings of [dollar amount].""  Quantify your accomplishments whenever possible.  Use metrics to demonstrate the value you brought to previous roles.  Focus on results, not just tasks.  The words ""challenging"" and ""developing"" are weak verbs; replace them with action verbs that showcase your accomplishments.  Instead of saying you ""offered"" something, describe the *impact* of your offer.

* **Example:** Instead of ""Offered solutions to improve efficiency,"" try ""Implemented a new workflow that improved team efficiency by 15%, resulting in a 10% reduction in project completion time.""


**2.  Strengthen Technical Skill Descriptions (Addressing ""algorithms,"" ""platforms""):**

* **Instead of:** ""Familiar with algorithms"" or ""Experience with various platforms.""
* **Try:**  ""Proficient in designing and implementing machine learning algorithms using [specific algorithms like SVM, Random Forest, etc.], achieving [quantifiable results, e.g., 95% accuracy in model prediction].""  For platforms, be specific.  Instead of ""various platforms,"" list specific AWS services used (e.g., EC2, S3, Lambda, RDS) and Azure services if applicable.  Describe your experience level with each (e.g., ""proficient,"" ""experienced,"" ""familiar"").

* **Focus"
FARM EMBEDDED SECURITY SYSTEM.pdf,"The resume, ""FARM EMBEDDED SECURITY SYSTEM.pdf,"" shows promise but needs significant restructuring and refinement to effectively target technical roles. The negative keyword analysis highlights overused and potentially weak phrasing.  Let's address this systematically:

**1. Showcasing Relevant Skills (Python, Machine Learning, Data Analysis):**

1.1 **Quantify Achievements:** Instead of simply listing ""Proficient in Python,"" quantify your accomplishments.  For example:  ""Developed a Python-based anomaly detection system for farm equipment, resulting in a 15% reduction in false alarms.""  This demonstrates impact and showcases practical application of your skills.  Do this for all skills – machine learning models should have metrics (accuracy, precision, recall) and data analysis projects should highlight insights gained and actions taken based on those insights.

1.2 **Project-Based Approach:** Organize your resume around projects. Each project should have a concise title, a brief description of the project's goal, your role and responsibilities, the technologies used (including Python, machine learning libraries like scikit-learn or TensorFlow, and data analysis tools like Pandas or NumPy), and quantifiable results.  This makes it easier for recruiters to quickly assess your skills and experience.

1.3 **Skill Section Refinement:** Create a dedicated ""Technical Skills"" section listing your proficiencies.  Instead of ""Proficient in Python,"" use a more nuanced approach.  For example: ""Python (Pandas, NumPy, Scikit-learn, Flask/Django [if applicable])"". This demonstrates depth of knowledge within the language.  Do the same for machine learning and data analysis, listing specific algorithms, libraries, and tools.

**2. Addressing Gaps (AWS/Azure, Scalable Applications):**

2.1 **Highlight Transferable Skills:** Even if you haven't directly worked with AWS or Azure, highlight skills that are transferable.  For example, if you managed"
shubha_resume t.pdf,"Based on the analysis of Shubha's resume (""shubha_resume t.pdf""), the following suggestions aim to optimize it for technical roles, focusing on highlighting relevant skills and addressing identified weaknesses:

**1.  Quantify Achievements and Showcase Impact:**

* **Problem:** The resume likely uses generic terms like ""strong,"" ""understanding,"" ""developing,"" and ""ensuring.""  These are weak action verbs and lack quantifiable results.  Recruiters scan for concrete achievements.
* **Solution:**  Instead of ""strong problem-solving skills,"" write ""Reduced customer support tickets by 15% by implementing a new automated troubleshooting system.""  For each role, focus on quantifiable results using metrics (percentages, numbers, dollar amounts, time saved) to demonstrate the impact of your contributions.  For example, instead of ""developing applications,"" describe a specific application, its purpose, and the positive outcome (e.g., ""Developed a Python-based machine learning model for fraud detection, resulting in a 10% reduction in fraudulent transactions"").

**2.  Strategic Keyword Integration (Addressing Negative Features):**

* **Problem:** Words like ""engineer,"" ""cloud,"" ""translator,"" and years like ""2018"" are flagged negatively. This suggests overuse or poor placement.  The algorithm may be penalizing common words used inappropriately.
* **Solution:**  Don't overuse these terms.  Instead of repeatedly stating ""software engineer,"" integrate the skills within the context of your accomplishments.  For example, instead of ""Cloud Engineer,"" describe your cloud experience within a project: ""Migrated on-premise database to AWS RDS, resulting in a 20% reduction in infrastructure costs.""  Similarly, if ""translator"" is a side skill, mention it briefly in a separate section (e.g., ""Skills"") rather than prominently in the work experience.  The year ""2018"" might be overused"
